goodsno,goodsnm
86882,아카나 요크셔 포크 340g
38084,에이미러브즈펫 바니핀 핑크 스타
30984,이츠독 베이비포니 면 내복 ID-OR044 블루 M
20316,CMK 모던하우스 (8900-2A)
14792,[티아라펫] 야구티셔츠 (레드)L
19359,도그밥 상어연골 파우더 50g
22517,"아나멧 그레인프리 아쿠아루크 (만성 피부질환,소화불량) 1kg"
58023,올치 뽀글하트 목도리 핑크 XL
22185,[패리스독] 스마일애플 하네스
23693,이노바 독 드라이 퍼피 2.72kg
85207,헬로타이니 로프토이 라쿤
2326,[웨나위] 미디엄바이트/어덜트 100g
13848,BB 모바일 드링커 (이동급수기)
83823,이츠독 브루노 스판 면 티셔츠 민트 2XL
22243,바우와우 미트볼 소고기 70g x 3개
83138,로얄캐닌 릴렉스 케어 1kg
24998,퍼스트초이스 어덜트 하이포알러지 6kg
11276,[펫샵걸즈] 베이비 볼(Baby Ball) 비즈 목걸이
84534,헤이제리 스프링 피크닉 탑 핑크 M
76300,반려소반 쓰담스틱 닭가슴살 5개입
73171,펫슐랭 돈피호테 소프트 콜라겐 오트밀 스틱 밀크&치즈 70g
79717,woofs 코드 쿠키 흰살생선 대구 150g
12414,퍼피프랜드 프로 패드 100매
82921,KONG 소프트그립 자동 리드줄 블루 L
13684,쏘아베 덴탈클리닉 먹는치약 어덜트 사과향 120ml
73699,프로베스트 캣 7.5kg
6136,[아지랑] 체크무늬 후드티 - 그린
83856,이츠독 버디 슈퍼 보아 후드티 블루 S
16522,[퍼피짱] 도로시(네이비)
83907,이츠독 오가닉 다이노 누빔 조끼 SM
48083,플래티넘 어덜트 이베리코&그린 50g
69619,한끼뚝딱 황태와 소고기 사료샘플 50g
1539,무드펫 향수(쿨)30ml
39785,브릭브릭 헬로 선샤인 나그랑 티셔츠 민트
12967,프로내이쳐 홀리스틱 시니어 흰살생선과 쌀 13.6kg
27512,CM 원목하우스 편백나무-FIR 실내/외 겸용 대형 DGH011L
65566,웰스비 퍼피 2.4kg
3946,쿨러닝쿨매트 (블루M)
18765,수퍼펫 스테인리스 심플보울 S
86704,헤이제리 네온 쿨 탱크 탑 라벤더 XL
62773,순우리 국산개껌 말이 6개입
58735,하이드앤울프 제디 골드 하네스 M
28927,퍼피엔젤 어반 아웃도어 조끼 - 레인코트 PA-OW221 카모플라주 2XL
53067,페토이 자동 급식기 HT-P003
87750,아카나 클래식 프레이리 포트리 독 340g x 2개세트
13456,Ole! Ole! 올레 올레 라이스 빼빼로 사사미 컷 30g
57967,올치 뽀송이 양털 베스트 아이보리 M
86091,헤이제리 벌스데이 베이비 빕 화이트 M
12360,[퍼피앤젤] Twinkling Skull Jacket CT122
35870,스턴트퍼피 스턴트러너 블랙
12226,[소피하우스] 스트로베리 린넨 원피스
43955,자이목스 오라틴 투스페이스트젤 70g
60481,후르타 어드벤처 목줄 듀 45cm
63136,뉴트리플랜 모이스트루 황태 영양스프 파우치 60g
13782,올가밀 홀리스틱 반건조 사료 Beef & Joint 800g
81311,아딜론덱 그레인프리 독 청어 1.82kg
82322,이츠독 고급 은박 복건 곤색 M
48752,사용안함
8810,[찡이몰] 형광핑크 스트라이프 나시 - S
53772,네츄럴코어 케익의 달인 밀크 60g
1785,누크내추럴 베이비크림120g
82972,고네쉬 인센스 스틱 향 홀더
85804,포펫 참치 트릿 150g
72334,퓨어 동결건조 북어 35g
542,에스프리 오트밀 베이킹 소다 샴푸 360ml
64582,분독 오리지널 컬렉션 목줄 레드 L
28028,아이퍼그 해바라기 회색후드 티셔츠 S
57355,누우띠 터틀넥 티셔츠 옐로우
42236,폴스글레이드 브라운라이스 앤 베지터블 시니어독 치킨 캔 395g
7244,[퍼피아] SUMMER 하네스 B 세트 - 핑크 (AH614/AL614)
1881,캐니대 스몰바이트 I형입자 2.7kg
17110,바이오강스 2in1 샴푸 250ml
7477,사바 치킨져키 150g - 치즈
29951,피터펫 펫카라 목걸이 브라운&인식표 하트
49487,로로독 씨리얼 원피스 레드 M
15764,사이언스 어덜트 7.5kg (스몰바이트)
52767,독차지 배변판 암수공용 와인
28678,펀독 핑크하트네임 자외선차단 티셔츠 XL
28888,퍼피엔젤 어반 아웃도어 조끼 - 레인코트 PA-OW221 다크네이비 L
27948,퍼피엔젤 구름 티셔츠 PA-OR143 베이지 XL
34082,무디펫 HUMUNGA STACHE 콧수염 천연고무 펫토이 - 미니
83943,이츠독 플러피 보아 베스트 블루
32633,펀독 래글런 터틀넥 레드
10071,[찡이몰] 스누피 주머니 후드 (크림) - XL
85691,리틀팩토리 높이조절 식기 화이트 1구 낮은형 화이트
3415,[팻티아]공주드레스(노랑) M
87913,헤이제리 젤리 스트라이프 탑 민트초코 L
30846,CM 다용도 펫타월 담요 스카이블루 2매입
51978,퓨리나 비욘드 그레인프리 닭고기 흰살과 달걀 60g
60181,후르타 수컷용 펠로우 팬츠 XS
789,페트로덱스 치약&칫솔 세트
23577,트로벳 RID 신장질환 및 결석예방 처방식사료 1.13kg
9553,[해피앤퍼피] 베어 네이비 가방
41423,이츠독 오가닉 별이총총 내복 블루 XL
53052,내추럴발란스 LID 감자&오리 포뮬라 큰알갱이 6.12kg
17059,파인솔 다목적세정제 - 플라워 1.41L
44420,스니프 포켓 플리스 베이지 2XL
5218,플라워 멜빵원피스 -품절
30944,이츠독 런닝독 날개 티셔츠 그린
83546,청담우리동물병원 메디코펫 데일리 덴탈 조인트 1개입
